151643	<|endoftext|>
151644	<|im_start|>
151645	<|im_end|>
151646	<|endofprompt|>
151647	[breath]
151648	<strong>
151649	</strong>
151650	[noise]
151651	[laughter]
151652	[cough]
151653	[clucking]
151654	[accent]
151655	[quick_breath]
151656	<laughter>
151657	</laughter>
151658	[hissing]
151659	[sigh]
151660	[vocalized-noise]
151661	[lipsmack]
151662	[mn]
151663	<|endofsystem|>
151664	[AA]
151665	[AA0]
151666	[AA1]
151667	[AA2]
151668	[AE]
151669	[AE0]
151670	[AE1]
151671	[AE2]
151672	[AH]
151673	[AH0]
151674	[AH1]
151675	[AH2]
151676	[AO]
151677	[AO0]
151678	[AO1]
151679	[AO2]
151680	[AW]
151681	[AW0]
151682	[AW1]
151683	[AW2]
151684	[AY]
151685	[AY0]
151686	[AY1]
151687	[AY2]
151688	[B]
151689	[CH]
151690	[D]
151691	[DH]
151692	[EH]
151693	[EH0]
151694	[EH1]
151695	[EH2]
151696	[ER]
151697	[ER0]
151698	[ER1]
151699	[ER2]
151700	[EY]
151701	[EY0]
151702	[EY1]
151703	[EY2]
151704	[F]
151705	[G]
151706	[HH]
151707	[IH]
151708	[IH0]
151709	[IH1]
151710	[IH2]
151711	[IY]
151712	[IY0]
151713	[IY1]
151714	[IY2]
151715	[JH]
151716	[K]
151717	[L]
151718	[M]
151719	[N]
151720	[NG]
151721	[OW]
151722	[OW0]
151723	[OW1]
151724	[OW2]
151725	[OY]
151726	[OY0]
151727	[OY1]
151728	[OY2]
151729	[P]
151730	[R]
151731	[S]
151732	[SH]
151733	[T]
151734	[TH]
151735	[UH]
151736	[UH0]
151737	[UH1]
151738	[UH2]
151739	[UW]
151740	[UW0]
151741	[UW1]
151742	[UW2]
151743	[V]
151744	[W]
151745	[Y]
151746	[Z]
151747	[ZH]
151748	[a]
151749	[ai]
151750	[an]
151751	[ang]
151752	[ao]
151753	[b]
151754	[c]
151755	[ch]
151756	[d]
151757	[e]
151758	[ei]
151759	[en]
151760	[eng]
151761	[f]
151762	[g]
151763	[h]
151764	[i]
151765	[ian]
151766	[in]
151767	[ing]
151768	[iu]
151769	[ià]
151770	[iàn]
151771	[iàng]
151772	[iào]
151773	[iá]
151774	[ián]
151775	[iáng]
151776	[iáo]
151777	[iè]
151778	[ié]
151779	[iòng]
151780	[ióng]
151781	[iù]
151782	[iú]
151783	[iā]
151784	[iān]
151785	[iāng]
151786	[iāo]
151787	[iē]
151788	[iě]
151789	[iōng]
151790	[iū]
151791	[iǎ]
151792	[iǎn]
151793	[iǎng]
151794	[iǎo]
151795	[iǒng]
151796	[iǔ]
151797	[j]
151798	[k]
151799	[l]
151800	[m]
151801	[n]
151802	[o]
151803	[ong]
151804	[ou]
151805	[p]
151806	[q]
151807	[r]
151808	[s]
151809	[sh]
151810	[t]
151811	[u]
151812	[uang]
151813	[ue]
151814	[un]
151815	[uo]
151816	[uà]
151817	[uài]
151818	[uàn]
151819	[uàng]
151820	[uá]
151821	[uái]
151822	[uán]
151823	[uáng]
151824	[uè]
151825	[ué]
151826	[uì]
151827	[uí]
151828	[uò]
151829	[uó]
151830	[uā]
151831	[uāi]
151832	[uān]
151833	[uāng]
151834	[uē]
151835	[uě]
151836	[uī]
151837	[uō]
151838	[uǎ]
151839	[uǎi]
151840	[uǎn]
151841	[uǎng]
151842	[uǐ]
151843	[uǒ]
151844	[vè]
151845	[w]
151846	[x]
151847	[y]
151848	[z]
151849	[zh]
151850	[à]
151851	[ài]
151852	[àn]
151853	[àng]
151854	[ào]
151855	[á]
151856	[ái]
151857	[án]
151858	[áng]
151859	[áo]
151860	[è]
151861	[èi]
151862	[èn]
151863	[èng]
151864	[èr]
151865	[é]
151866	[éi]
151867	[én]
151868	[éng]
151869	[ér]
151870	[ì]
151871	[ìn]
151872	[ìng]
151873	[í]
151874	[ín]
151875	[íng]
151876	[ò]
151877	[òng]
151878	[òu]
151879	[ó]
151880	[óng]
151881	[óu]
151882	[ù]
151883	[ùn]
151884	[ú]
151885	[ún]
151886	[ā]
151887	[āi]
151888	[ān]
151889	[āng]
151890	[āo]
151891	[ē]
151892	[ēi]
151893	[ēn]
151894	[ēng]
151895	[ě]
151896	[ěi]
151897	[ěn]
151898	[ěng]
151899	[ěr]
151900	[ī]
151901	[īn]
151902	[īng]
151903	[ō]
151904	[ōng]
151905	[ōu]
151906	[ū]
151907	[ūn]
151908	[ǎ]
151909	[ǎi]
151910	[ǎn]
151911	[ǎng]
151912	[ǎo]
151913	[ǐ]
151914	[ǐn]
151915	[ǐng]
151916	[ǒ]
151917	[ǒng]
151918	[ǒu]
151919	[ǔ]
151920	[ǔn]
151921	[ǘ]
151922	[ǚ]
151923	[ǜ]
